<?xml version="1.0" encoding="UTF-8"?>
<build-type xmlns:xsi="http://www.w3.org/2001/XMLSchema-instance" uuid="eb9db3f5-bf4f-4727-ae47-76f83d2397cb" xsi:noNamespaceSchemaLocation="https://www.jetbrains.com/teamcity/schemas/2018.1/project-config.xsd">
  <name>Build</name>
  <description />
  <settings>
    <options>
      <option name="artifactRules" value="m154-crm-maven\target&#xA;m154-crm-web-maven\target" />
    </options>
    <parameters />
    <build-runners>
      <runner id="RUNNER_1" name="CRM" type="Maven2">
        <parameters>
          <param name="goals" value="install" />
          <param name="localRepoScope" value="agent" />
          <param name="maven.path" value="%teamcity.tool.maven.DEFAULT%" />
          <param name="pomLocation" value="m154-crm-maven/pom.xml" />
          <param name="teamcity.coverage.emma.include.source" value="true" />
          <param name="teamcity.coverage.emma.instr.parameters" value="-ix -*Test*" />
          <param name="teamcity.coverage.idea.includePatterns" value="*" />
          <param name="teamcity.coverage.jacoco.patterns" value="+:*" />
          <param name="teamcity.step.mode" value="default" />
          <param name="teamcity.tool.jacoco" value="%teamcity.tool.jacoco.DEFAULT%" />
          <param name="userSettingsSelection" value="userSettingsSelection:default" />
        </parameters>
      </runner>
      <runner id="RUNNER_2" name="CRM-Web" type="Maven2">
        <parameters>
          <param name="goals" value="install" />
          <param name="localRepoScope" value="agent" />
          <param name="maven.path" value="%teamcity.tool.maven.DEFAULT%" />
          <param name="pomLocation" value="m154-crm-web-maven/pom.xml" />
          <param name="teamcity.coverage.emma.include.source" value="true" />
          <param name="teamcity.coverage.emma.instr.parameters" value="-ix -*Test*" />
          <param name="teamcity.coverage.idea.includePatterns" value="*" />
          <param name="teamcity.coverage.jacoco.patterns" value="+:*" />
          <param name="teamcity.step.mode" value="default" />
          <param name="teamcity.tool.jacoco" value="%teamcity.tool.jacoco.DEFAULT%" />
          <param name="userSettingsSelection" value="userSettingsSelection:default" />
        </parameters>
      </runner>
    </build-runners>
    <vcs-settings>
      <vcs-entry-ref root-id="FallstudieUek154_HttpsGithubComJannisKirschnerFallstudieUek154gitRefsHeadsMaster" />
    </vcs-settings>
    <requirements />
    <build-triggers>
      <build-trigger id="vcsTrigger" type="vcsTrigger">
        <parameters>
          <param name="branchFilter" value="+:*" />
          <param name="enableQueueOptimization" value="true" />
          <param name="quietPeriodMode" value="DO_NOT_USE" />
        </parameters>
      </build-trigger>
    </build-triggers>
    <cleanup />
  </settings>
</build-type>

