<?xml version="1.0" encoding="UTF-8"?>
<vcs-root xmlns:xsi="http://www.w3.org/2001/XMLSchema-instance" uuid="22dcdb41-0616-4f7c-aa95-6d4ab6231178" type="jetbrains.git" xsi:noNamespaceSchemaLocation="https://www.jetbrains.com/teamcity/schemas/2018.1/project-config.xsd">
  <name>https://github.com/JannisKirschner/KNW-UEK154.git#refs/heads/master</name>
  <param name="agentCleanFilesPolicy" value="ALL_UNTRACKED" />
  <param name="agentCleanPolicy" value="ON_BRANCH_CHANGE" />
  <param name="authMethod" value="PASSWORD" />
  <param name="branch" value="refs/heads/master" />
  <param name="ignoreKnownHosts" value="true" />
  <param name="secure:password" value="zxx954aab1f14804220f8a6f48334e6ed3f" />
  <param name="submoduleCheckout" value="CHECKOUT" />
  <param name="url" value="https://github.com/JannisKirschner/KNW-UEK154.git" />
  <param name="useAlternates" value="true" />
  <param name="username" value="JannisKirschner" />
  <param name="usernameStyle" value="USERID" />
</vcs-root>

